E-RP-07, 1, 25.00W-01, 3, 75.00E-LA-04, 1, 4.76
E-ST-01, 1, 4.76
L-SxA-09, 1, 4.76
E-ST-03, 5, 23.81
E-SxA-03, 4, 19.05
E-RP-06, 2, 9.52
E-RP-07, 1, 4.76
W-01, 6, 28.57
E-LA-04, 1, 4.76
E-ST-01, 1, 4.76
L-SxA-09, 1, 4.76
E-ST-03, 5, 23.81
E-SxA-03, 4, 19.05
E-RP-06, 2, 9.52
E-RP-07, 1, 4.76
W-01, 6, 28.57
E-LA-04, 1, 4.76
E-ST-01, 1, 4.76
L-SxA-09, 1, 4.76
E-ST-03, 5, 23.81
E-SxA-03, 4, 19.05
E-RP-06, 2, 9.52
E-RP-07, 1, 4.76
W-01, 6, 28.57
E-LA-04, 1, 4.76
E-ST-01, 1, 4.76
L-SxA-09, 1, 4.76
E-ST-03, 5, 23.81
E-SxA-03, 4, 19.05
E-RP-06, 2, 9.52
E-RP-07, 1, 4.76
W-01, 6, 28.57
E-LA-04, 1, 4.76
E-ST-01, 1, 4.76
L-SxA-09, 1, 4.76
E-ST-03, 5, 23.81
E-SxA-03, 4, 19.05
E-RP-06, 2, 9.52
E-RP-07, 1, 4.76
W-01, 6, 28.57
E-LA-04, 1, 4.76
E-ST-01, 1, 4.76
L-SxA-09, 1, 4.76
E-ST-03, 5, 23.81
E-SxA-03, 4, 19.05
E-RP-06, 2, 9.52
E-RP-07, 1, 4.76
W-01, 6, 28.57
E-ST-03, 1, 33.33
E-RP-06, 1, 33.33
W-01, 1, 33.33
